[
    {
        "id": 1,
        "user_id": 1,
        "note_text": "The speaker is asking the audience to continue speaking and engaging in the lecture.",
        "created_at": "2025-06-24T14:06:46.631430",
        "updated_at": "2025-06-24T14:06:46.631430"
    },
    {
        "id": 2,
        "user_id": 1,
        "note_text": "The text is written in Hindi and can be roughly translated to \"Hello, how are you? Can I record a voice message for you?\"",
        "created_at": "2025-06-24T14:12:21.247113",
        "updated_at": "2025-06-24T14:12:21.247113"
    }
]